{"entities":{"pages":{"starter-topic":{"id":"starter-topic","title":"1. Introdução","url":"starter-topic.html","level":0,"tabIndex":0},"2":{"id":"2","title":"2. Configuração do Ambiente","url":"2.html","level":0,"tabIndex":1},"3":{"id":"3","title":"3. Implementação do CRUD","url":"3.html","level":0,"tabIndex":2},"4":{"id":"4","title":"4. Testes Realizados","url":"4.html","level":0,"tabIndex":3},"5":{"id":"5","title":"5. Conclusão","url":"5.html","level":0,"tabIndex":4},"Referencias":{"id":"Referencias","title":"Referências","url":"referencias.html","level":0,"tabIndex":5}}},"topLevelIds":["starter-topic","2","3","4","5","Referencias"]}